{"cameraMode":{"drawMode":0,"name":"Shaded","section":"Shading Mode"},"sceneLighting":true,"audioPlay":false,"sceneViewState":{"showFog":true,"showMaterialUpdate":true,"showSkybox":true,"showFlares":true,"showImageEffects":true,"showParticleSystems":true},"in2DMode":false,"pivot":{"x":0.0,"y":3.3000001907348635,"z":0.020000457763671876},"rotation":{"x":-0.17290353775024415,"y":-0.6876089572906494,"z":0.17399905622005464,"w":-0.6834936141967773},"size":93.33824157714844,"orthographic":false}