{"cameraMode":{"drawMode":0,"name":"Shaded","section":"Shading Mode"},"sceneLighting":false,"audioPlay":false,"sceneViewState":{"showFog":true,"showMaterialUpdate":false,"showSkybox":false,"showFlares":true,"showImageEffects":true,"showParticleSystems":true},"in2DMode":false,"pivot":{"x":7.773253917694092,"y":-210.5543670654297,"z":-340.3760986328125},"rotation":{"x":0.0025388372596353294,"y":0.9620358943939209,"z":-0.272797167301178,"w":0.008948500268161297},"size":2.8578848838806154,"orthographic":false}