{"cameraMode":{"drawMode":0,"name":"Shaded","section":"Shading Mode"},"sceneLighting":true,"audioPlay":false,"sceneViewState":{"showFog":true,"showMaterialUpdate":true,"showSkybox":true,"showFlares":true,"showImageEffects":true,"showParticleSystems":true},"in2DMode":false,"pivot":{"x":8.209388732910157,"y":-1.409999966621399,"z":1.0336008071899415},"rotation":{"x":-0.00031074378057383,"y":-0.20055116713047028,"z":0.00002853191654139664,"w":-0.9797496795654297},"size":6.457885265350342,"orthographic":false}