{"cameraMode":{"drawMode":0,"name":"Shaded","section":"Shading Mode"},"sceneLighting":true,"audioPlay":false,"sceneViewState":{"showFog":true,"showMaterialUpdate":true,"showSkybox":true,"showFlares":true,"showImageEffects":true,"showParticleSystems":true},"in2DMode":false,"pivot":{"x":0.372678279876709,"y":17.293807983398439,"z":11.477429389953614},"rotation":{"x":-0.020592616870999337,"y":-0.25743797421455386,"z":0.005480759311467409,"w":-0.9661355018615723},"size":12.912341117858887,"orthographic":false}