{"cameraMode":{"drawMode":0,"name":"Shaded","section":"Shading Mode"},"sceneLighting":true,"audioPlay":false,"sceneViewState":{"showFog":true,"showMaterialUpdate":true,"showSkybox":true,"showFlares":true,"showImageEffects":true,"showParticleSystems":true},"in2DMode":false,"pivot":{"x":1.1903150081634522,"y":0.5500001907348633,"z":-3.34621262550354},"rotation":{"x":0.12091636657714844,"y":0.8703831434249878,"z":-0.3968792259693146,"w":0.26524972915649416},"size":40.010372161865237,"orthographic":false}