{"cameraMode":{"drawMode":0,"name":"Shaded","section":"Shading Mode"},"sceneLighting":true,"audioPlay":false,"sceneViewState":{"showFog":true,"showMaterialUpdate":false,"showSkybox":true,"showFlares":true,"showImageEffects":true,"showParticleSystems":true},"in2DMode":false,"pivot":{"x":-17.775808334350587,"y":0.8931105136871338,"z":-16.248065948486329},"rotation":{"x":-0.11470570415258408,"y":0.8849986791610718,"z":-0.30640891194343569,"w":-0.3312956988811493},"size":3.7632179260253908,"orthographic":false}