{"cameraMode":{"drawMode":0,"name":"Shaded","section":"Shading Mode"},"sceneLighting":false,"audioPlay":false,"sceneViewState":{"showFog":true,"showMaterialUpdate":true,"showSkybox":false,"showFlares":true,"showImageEffects":true,"showParticleSystems":true},"in2DMode":false,"pivot":{"x":-15.879676818847657,"y":-1.9499998092651368,"z":-0.3722572326660156},"rotation":{"x":-0.3389197587966919,"y":0.1631198227405548,"z":-0.05973398685455322,"w":-0.9246870875358582},"size":22.0,"orthographic":true}