{"cameraMode":{"drawMode":0,"name":"Shaded","section":"Shading Mode"},"sceneLighting":true,"audioPlay":false,"sceneViewState":{"showFog":true,"showMaterialUpdate":true,"showSkybox":true,"showFlares":true,"showImageEffects":true,"showParticleSystems":true},"in2DMode":false,"pivot":{"x":107.0162353515625,"y":297.1936950683594,"z":0.0},"rotation":{"x":-0.20611247420310975,"y":-0.10487528145313263,"z":0.022253073751926423,"w":-0.972710371017456},"size":70.28065490722656,"orthographic":false}