{"cameraMode":{"drawMode":0,"name":"Shaded","section":"Shading Mode"},"sceneLighting":true,"audioPlay":false,"sceneViewState":{"showFog":true,"showMaterialUpdate":true,"showSkybox":true,"showFlares":true,"showImageEffects":true,"showParticleSystems":true},"in2DMode":false,"pivot":{"x":-0.6790441274642944,"y":10.367934226989746,"z":1.725949764251709},"rotation":{"x":-0.3389197587966919,"y":0.1631198227405548,"z":-0.05973398685455322,"w":-0.9246870875358582},"size":25.814228057861329,"orthographic":true}