{"cameraMode":{"drawMode":0,"name":"Shaded","section":"Shading Mode"},"sceneLighting":true,"audioPlay":false,"sceneViewState":{"showFog":true,"showMaterialUpdate":true,"showSkybox":true,"showFlares":true,"showImageEffects":true,"showParticleSystems":true},"in2DMode":false,"pivot":{"x":-18.665618896484376,"y":6.56853723526001,"z":-16.50648307800293},"rotation":{"x":-0.08370263129472733,"y":0.6019512414932251,"z":-0.06359734386205673,"w":-0.7916722893714905},"size":4.327765464782715,"orthographic":false}