{"cameraMode":{"drawMode":0,"name":"Shaded","section":"Shading Mode"},"sceneLighting":false,"audioPlay":false,"sceneViewState":{"showFog":true,"showMaterialUpdate":true,"showSkybox":false,"showFlares":true,"showImageEffects":true,"showParticleSystems":true},"in2DMode":false,"pivot":{"x":0.0,"y":6.0920000076293949,"z":-0.3599996566772461},"rotation":{"x":-0.33624061942100527,"y":0.4532606899738312,"z":-0.18966205418109895,"w":-0.8035316467285156},"size":95.30144500732422,"orthographic":false}