{"cameraMode":{"drawMode":0,"name":"Shaded","section":"Shading Mode"},"sceneLighting":true,"audioPlay":false,"sceneViewState":{"showFog":true,"showMaterialUpdate":true,"showSkybox":true,"showFlares":true,"showImageEffects":true,"showParticleSystems":true},"in2DMode":false,"pivot":{"x":-6.783059120178223,"y":4.515000343322754,"z":-9.906048774719239},"rotation":{"x":-0.20611247420310975,"y":-0.10487528145313263,"z":0.022253073751926423,"w":-0.972710371017456},"size":10.448017120361329,"orthographic":false}