{"cameraMode":{"drawMode":0,"name":"Shaded","section":"Shading Mode"},"sceneLighting":true,"audioPlay":false,"sceneViewState":{"showFog":true,"showMaterialUpdate":true,"showSkybox":true,"showFlares":true,"showImageEffects":true,"showParticleSystems":true},"in2DMode":false,"pivot":{"x":13.790511131286621,"y":41.829872131347659,"z":18.158903121948243},"rotation":{"x":-0.03393056243658066,"y":-0.7473236322402954,"z":0.038464177399873736,"w":-0.6625978350639343},"size":22.15892219543457,"orthographic":false}