{"cameraMode":{"drawMode":0,"name":"Shaded","section":"Shading Mode"},"sceneLighting":true,"audioPlay":false,"sceneViewState":{"showFog":true,"showMaterialUpdate":true,"showSkybox":true,"showFlares":true,"showImageEffects":true,"showParticleSystems":true},"in2DMode":false,"pivot":{"x":7.1867475509643559,"y":6.833219051361084,"z":9.358063697814942},"rotation":{"x":-0.17290353775024415,"y":-0.6876089572906494,"z":0.17399905622005464,"w":-0.6834936141967773},"size":7.425000190734863,"orthographic":false}