{"cameraMode":{"drawMode":0,"name":"Shaded","section":"Shading Mode"},"sceneLighting":false,"audioPlay":false,"sceneViewState":{"showFog":true,"showMaterialUpdate":false,"showSkybox":false,"showFlares":true,"showImageEffects":true,"showParticleSystems":true},"in2DMode":false,"pivot":{"x":-11.88899040222168,"y":-12.111307144165039,"z":20.218793869018556},"rotation":{"x":-0.31823134422302248,"y":0.4901641011238098,"z":-0.19823242723941804,"w":-0.786888837814331},"size":23.69689178466797,"orthographic":false}