{"cameraMode":{"drawMode":0,"name":"Shaded","section":"Shading Mode"},"sceneLighting":false,"audioPlay":false,"sceneViewState":{"showFog":true,"showMaterialUpdate":true,"showSkybox":false,"showFlares":true,"showImageEffects":true,"showParticleSystems":true},"in2DMode":false,"pivot":{"x":-19.003536224365236,"y":0.6646625995635986,"z":-16.154869079589845},"rotation":{"x":0.14638309180736543,"y":-0.38086843490600588,"z":0.061146754771471027,"w":0.9109600782394409},"size":4.311509132385254,"orthographic":false}