{"cameraMode":{"drawMode":0,"name":"Shaded","section":"Shading Mode"},"sceneLighting":true,"audioPlay":false,"sceneViewState":{"showFog":true,"showMaterialUpdate":true,"showSkybox":true,"showFlares":true,"showImageEffects":true,"showParticleSystems":true},"in2DMode":false,"pivot":{"x":6.1594133377075199,"y":4.994178771972656,"z":3.8236217498779299},"rotation":{"x":-0.17290353775024415,"y":-0.6876089572906494,"z":0.17399905622005464,"w":-0.6834936141967773},"size":7.409964561462402,"orthographic":false}