{"cameraMode":{"drawMode":0,"name":"Shaded","section":"Shading Mode"},"sceneLighting":true,"audioPlay":false,"sceneViewState":{"showFog":true,"showMaterialUpdate":true,"showSkybox":true,"showFlares":true,"showImageEffects":true,"showParticleSystems":true},"in2DMode":false,"pivot":{"x":10.922001838684082,"y":-4.746275901794434,"z":68.53038024902344},"rotation":{"x":-0.11119433492422104,"y":-0.5602686405181885,"z":0.07639307528734207,"w":-0.8173482418060303},"size":17.407821655273439,"orthographic":false}