{"cameraMode":{"drawMode":0,"name":"Shaded","section":"Shading Mode"},"sceneLighting":true,"audioPlay":false,"sceneViewState":{"showFog":true,"showMaterialUpdate":false,"showSkybox":true,"showFlares":true,"showImageEffects":true,"showParticleSystems":true},"in2DMode":false,"pivot":{"x":-72.70487213134766,"y":-185.056396484375,"z":-347.2535095214844},"rotation":{"x":-0.02451683022081852,"y":0.9661054015159607,"z":-0.23673886060714723,"w":-0.10005632787942887},"size":407.3725280761719,"orthographic":false}