{"cameraMode":{"drawMode":0,"name":"Shaded","section":"Shading Mode"},"sceneLighting":true,"audioPlay":false,"sceneViewState":{"showFog":true,"showMaterialUpdate":true,"showSkybox":true,"showFlares":true,"showImageEffects":true,"showParticleSystems":true},"in2DMode":false,"pivot":{"x":99.77401733398438,"y":272.7869873046875,"z":0.0},"rotation":{"x":-0.1667218655347824,"y":0.09655900299549103,"z":-0.016390597447752954,"w":-0.9811844825744629},"size":60.64543914794922,"orthographic":false}